<?xml version="1.0" encoding="UTF-8"?>
<project-private xmlns="http://www.netbeans.org/ns/project-private/1">
    <editor-bookmarks xmlns="http://www.netbeans.org/ns/editor-bookmarks/2" lastBookmarkId="0"/>
    <open-files xmlns="http://www.netbeans.org/ns/projectui-open-files/2">
        <group>
            <file>file:/Users/Eric/git/PTS3/PTS3/TestProjectAirhockey/src/testprojectairhockey/FXMLDocumentController.java</file>
            <file>file:/Users/Eric/git/PTS3/PTS3/TestProjectAirhockey/src/testprojectairhockey/domain/HockeyField.java</file>
            <file>file:/Users/Eric/git/PTS3/PTS3/TestProjectAirhockey/src/testprojectairhockey/TestProjectAirhockey.java</file>
            <file>file:/Users/Eric/git/PTS3/PTS3/TestProjectAirhockey/src/testprojectairhockey/domain/RobotPlayer.java</file>
            <file>file:/Users/Eric/git/PTS3/PTS3/TestProjectAirhockey/src/testprojectairhockey/domain/Bat.java</file>
            <file>file:/Users/Eric/git/PTS3/PTS3/TestProjectAirhockey/src/testprojectairhockey/domain/Puck.java</file>
            <file>file:/Users/Eric/git/PTS3/PTS3/TestProjectAirhockey/src/testprojectairhockey/domain/Side.java</file>
        </group>
    </open-files>
</project-private>
